BLEU_under_10,BLEU_under_20,BLEU_under_30,BLEU_under_50,BLEU_under_70
3.015873015873016%,15.555555555555555%,24.126984126984127%,55.23809523809524%,82.6984126984127%
