BLEU_under_10,BLEU_under_20,BLEU_under_30,BLEU_under_50,BLEU_under_70
17.255717255717258%,33.16008316008316%,46.15384615384615%,67.77546777546777%,79.31392931392931%
