Passage BLEU_under_10,Passage BLEU_under_20,Passage BLEU_under_30,Passage BLEU_under_50,Passage BLEU_under_70,Question BLEU_under_10,Question BLEU_under_20,Question BLEU_under_30,Question BLEU_under_50,Question BLEU_under_70
6.806806806806807%,25.525525525525527%,50.750750750750754%,85.58558558558559%,96.49649649649649%,16.716716716716718%,33.433433433433436%,49.94994994994995%,76.47647647647648%,90.990990990991%
